http://www.mysuburbanlife.com/addison/,https://twitter.com/MySuburbanLife,https://www.facebook.com/mysuburbanlife,,
http://www.navigatorjournal.com/,,,,
http://www.aledotimesrecord.com/,https://www.facebook.com/AledoTimesRecord,,,
http://altnewsban.com/,,,,
http://thetelegraph.com/,https://twitter.com/altontelegraph,https://www.facebook.com/telegraphnews,http://www.youtube.com/user/altontelegraph,
http://www.amboynews.com/,,,,
http://www.annanews.com/,https://twitter.com/gazettedemocrat,https://www.facebook.com/gazettedemocrat,,
http://arcolarecordherald.com/,https://www.facebook.com/pages/Arcola-Record-Herald/122281664496912,,,
http://www.dailyherald.com/,https://twitter.com/dailyherald,https://www.facebook.com/DailyHeraldFans,http://www.youtube.com/user/DailyHeraldClips,
http://www.journal-topics.com/,https://www.facebook.com/journaltopics,,,
http://www.ashtongazette.com/,https://www.facebook.com/pages/Ashton-Gazette/336072466536081,,,
http://www.kkspc.com/argus/,,,,
http://www.chicagotribune.com/suburbs/aurora-beacon-news/,https://twitter.com/beaconnews,https://www.facebook.com/TheBeaconNews,https://www.instagram.com/chicagotribune/,https://www.youtube.com/user/ChicagoTribune
http://thevoice.us/,https://www.facebook.com/pages/The-Voice/309424792014,,,
http://www.chicagotribune.com/suburbs/barrington/,https://www.facebook.com/barringtoncr,https://www.instagram.com/chicagotribune/,https://www.youtube.com/user/ChicagoTribune,
http://www.examinerpublications.com/,,,,
http://www.mysuburbanlife.com/bartlett/,https://twitter.com/MySuburbanLife,https://www.facebook.com/mysuburbanlife,,
http://www.beardstownnewspapers.com/,https://twitter.com/CassStarGazette,https://www.facebook.com/pages/Cass-County-Star-Gazette/159082564111570,,
http://www.bnd.com/,https://twitter.com/bellevillenewsd,https://www.facebook.com/pages/Belleville-News-Democrat/12311883329,https://www.instagram.com/bellevillenewsd/,http://www.youtube.com/user/NewsDemocrat
http://www.mysuburbanlife.com/bensenville/,https://twitter.com/MySuburbanLife,https://www.facebook.com/mysuburbanlife,,
http://www.bentoneveningnews.com/,https://www.facebook.com/pages/Benton-Evening-News/247039365308270,,,
http://www.mysuburbanlife.com/berkeley/,https://twitter.com/MySuburbanLife,https://www.facebook.com/mysuburbanlife,,
http://www.mysuburbanlife.com/berwyn/,https://twitter.com/MySuburbanLife,https://www.facebook.com/mysuburbanlife,,
http://www.mysuburbanlife.com/bloomingdale/,https://twitter.com/MySuburbanLife,https://www.facebook.com/mysuburbanlife,,
http://www.pantagraph.com/,https://twitter.com/Pantagraph,https://www.facebook.com/pantagraph,https://www.instagram.com/thepantagraph/,https://www.youtube.com/user/ThePantagraph
http://www.mysuburbanlife.com/bolingbrook/,https://twitter.com/MySuburbanLife,https://www.facebook.com/mysuburbanlife,,
http://freepressnewspapers.com/main.asp?SectionID=13,https://www.facebook.com/pages/The-Braidwood-Journal/134109720019770,https://www.youtube.com/channel/UCpCwmdAytt5K3QlupLUQVjQ,,
http://www.mysuburbanlife.com/broadview/,https://twitter.com/MySuburbanLife,https://www.facebook.com/mysuburbanlife,,
http://www.mysuburbanlife.com/brookfield/,https://twitter.com/MySuburbanLife,https://www.facebook.com/mysuburbanlife,,
http://www.chicagotribune.com/suburbs/buffalo-grove/,https://twitter.com/buffalogroveppn,https://www.facebook.com/bgcountryside,https://www.instagram.com/chicagotribune/,https://www.youtube.com/user/ChicagoTribune
http://www.mysuburbanlife.com/burrridge/,https://twitter.com/MySuburbanLife,https://www.facebook.com/mysuburbanlife,,
http://rvpnews.com/?cat=4,,,,
http://thecairocitizen.com/,https://www.facebook.com/thecairocitizen,,,
http://www.cambridgechron.com/,https://twitter.com/ChronCambridge,https://www.facebook.com/pages/Cambridge-Chronicle-Illinois/10150134106930591,https://www.instagram.com/cambridgechron/,https://www.youtube.com/user/cambchron
http://www.cantondailyledger.com/,https://twitter.com/CantonLedger,https://www.facebook.com/pages/Canton-Daily-Ledger/113483425368,,
http://thesouthern.com/,https://twitter.com/thesouthern,https://www.facebook.com/southernillinoisan,http://www.youtube.com/user/SouthernThe,
http://enquirerdemocrat.com/,https://www.facebook.com/mcednews,http://www.youtube.com/user/enquirerdemocrat,,
http://www.carmitimes.com/,https://twitter.com/carmitimes,https://www.facebook.com/pages/The-Carmi-Times/84416258686,http://www.youtube.com/user/carmitimes,
http://www.mysuburbanlife.com/carolstream/,https://twitter.com/MySuburbanLife,https://www.facebook.com/mysuburbanlife,,
http://greeneprairiepress.com/,https://www.facebook.com/GreenePrairiePress,,,
http://www.journalpilot.com/,https://www.facebook.com/pages/Journal-Pilot/206135059429861,,,
http://www.strohmnews.com/online-newspapers.html,,,,
http://www.news-gazette.com/,https://twitter.com/news_gazette,https://www.facebook.com/newsgazette,https://www.instagram.com/news_gazette/,https://www.youtube.com/channel/UC5VramV9M45-deFTN1_bvqQ
http://www.leaderlandnews.com/,https://twitter.com/StJosephleader,https://www.facebook.com/Stjosephleader,,
http://jg-tc.com/,https://twitter.com/jgtconline,https://www.facebook.com/MattoonJGTC,http://www.youtube.com/user/jgtcvideo,
http://www.thereporteronline.net/,https://twitter.com/TheReporter1,https://www.facebook.com/pages/The-Reporter/108619845825636,,
http://www.randolphcountyheraldtribune.com/,https://www.facebook.com/randolphcountyheraldtribune,https://www.youtube.com/user/TheRCHeraldTribune,,
http://www.austinweeklynews.com/,https://twitter.com/AustinWeeklyChi,https://www.facebook.com/pages/Austin-Weekly-News/160757660631596,,
http://www.beverlyreview.net/,https://twitter.com/BevRevNews,https://www.facebook.com/beverlyreview,,
http://www.brightonparklife.com/,,,,
http://www.bulgariasega.com/,https://twitter.com/bulgariasega,https://www.facebook.com/bulgaria.sega.5,,
http://thechicagocitizen.com/,,,,
http://chicagocrusader.com/,https://twitter.com/CrusaderNewspap,https://www.facebook.com/thecrusader.newspaper.7,https://www.youtube.com/user/CrusaderNewspaperGrp,
http://www.chicagolawbulletin.com/,,,,
http://chicagodefender.com/,https://twitter.com/ChiDefender,https://www.facebook.com/TheChicagoDefender,,
http://www.chicagoreader.com/,https://twitter.com/chicago_reader,https://www.facebook.com/chicagoreader,https://www.instagram.com/chicago_reader/,http://www.youtube.com/user/chicagoreader
http://chicagoreporter.com/,https://twitter.com/ChicagoReporter,https://www.facebook.com/TheChicagoReporter,https://www.instagram.com/chicagoreporter/,http://www.youtube.com/channel/UCKL_VqV2UqBnmjGy4fLQ24g
http://swnewsherald.com/,https://www.facebook.com/SouthWest.News.Herald,,,
http://chicago.suntimes.com/,https://twitter.com/suntimes,https://www.facebook.com/thechicagosuntimes,https://www.instagram.com/chicagosuntimes/,https://www.youtube.com/user/ChicagoSunTimestv
http://www.chicagotribune.com/,https://twitter.com/chicagotribune,https://www.facebook.com/chicagotribune,https://www.instagram.com/chicagotribune/,https://www.youtube.com/user/ChicagoTribune
http://www.chicagobusiness.com/,https://twitter.com/CrainsChicago,https://www.facebook.com/crainschicago,https://www.instagram.com/crainschicago/,http://www.youtube.com/user/chicagobusiness
http://www.draugas.org/,https://www.facebook.com/DraugasNews,,,
http://dziennikzwiazkowy.com/category/chicago/,https://twitter.com/Dzwiazkowy,https://www.facebook.com/DziennikZwiazkowy,https://www.instagram.com/dziennikzwiazkowy/,https://www.youtube.com/channel/UCZZqKhSQeS2UXos1oXvlCXA
http://www.eldianewschicago.com/,https://www.facebook.com/eldianews,,,
http://extranews.net/,https://twitter.com/ExtraNewspaper,https://www.facebook.com/ExtraNewspaper,https://www.instagram.com/extranewspaper/,http://www.youtube.com/user/EXTRANewspaper
http://www.franoi.com/,https://twitter.com/FraNoi,https://www.facebook.com/pages/Fra-Noi/135613839379,,
http://www.gazettechicago.com/,,,,
http://hpherald.com/,https://twitter.com/HydeParkHerald,https://www.facebook.com/HydeParkHerald,https://www.instagram.com/hydeparkherald/,http://www.youtube.com/channel/UC56J_hPAvBW8knqvdg7KNYA
http://www.indiabulletinusa.com/,https://twitter.com/India_Bulletin,https://www.facebook.com/IndiaBulletin,,
http://irishamericannews.com/,https://twitter.com/Irishnewschgo,https://www.facebook.com/pages/Irish-American-News/98779056721,https://www.youtube.com/user/IrishAmericanNews,
http://www.laraza.com/,https://twitter.com/larazachicago,https://www.facebook.com/LaRazaChicago,,
http://www.lawndalenews.com/,https://twitter.com/https://twitter.com/News_Lawndale,https://www.facebook.com/pages/Lawndale-News/120206466127,,
http://www.mysuburbanlife.com/,https://twitter.com/MySuburbanLife,https://www.facebook.com/mysuburbanlife,,
http://nadignewspapers.com/,https://twitter.com/NadigNewspapers,https://www.facebook.com/nadignewspapers,,
http://www.nuevosiglo.com/,,,,
http://www.redeyechicago.com/,https://twitter.com/redeyechicago,https://www.facebook.com/TheRedEye,https://www.instagram.com/chicagotribune/,https://www.youtube.com/user/ChicagoTribune
http://www.reflejos.com/,https://twitter.com/ReflejosNews,https://www.facebook.com/ReflejosNewspaper,,
http://chicago.suntimes.com/,https://twitter.com/suntimes,https://www.facebook.com/thechicagosuntimes,https://www.instagram.com/chicagotribune/,https://www.youtube.com/user/ChicagoTribune
http://www.vivelohoy.com/,https://twitter.com/vivelohoy,https://www.facebook.com/HoyMedia,https://www.instagram.com/chicagotribune/,https://www.youtube.com/user/ChicagoTribune
http://windycitytimes.com/,https://twitter.com/WindyCityTimes1,https://www.facebook.com/windycitymediagroup,,
http://www.chicagotribune.com/suburbs/daily-southtown/,https://twitter.com/dailysouthtown,https://www.facebook.com/dailysouthtown,https://www.instagram.com/chicagotribune/,https://www.youtube.com/user/ChicagoTribune
http://www.chillicothetimesbulletin.com/,https://www.facebook.com/pages/Chillicothe-Times-Bulletin/253020456840,,,
http://www.mysuburbanlife.com/cicero/,https://twitter.com/MySuburbanLife,https://www.facebook.com/mysuburbanlife,,
http://www.mysuburbanlife.com/clarendonhills/,https://twitter.com/MySuburbanLife,https://www.facebook.com/mysuburbanlife,,
http://cliftonadvocate.com/,https://www.facebook.com/The-Advocate-1553533544914648/?rf=146874922003234,,,
http://www.clintondailyjournal.com/,https://twitter.com/ClintonJournal,https://www.facebook.com/pages/Clinton-Journal/117628538337447,,
http://freepressnewspapers.com/main.asp?SectionID=14,https://www.facebook.com/pages/Coal-City-Courant/139488217061,,,
http://www.mysuburbanlife.com/countryside/,https://twitter.com/MySuburbanLife,https://www.facebook.com/mysuburbanlife,,
http://www.nwherald.com/,https://twitter.com/NWherald,https://www.facebook.com/nwherald,,
http://www.commercial-news.com/,https://twitter.com/commercialnews,https://www.facebook.com/commercialnews,http://www.youtube.com/user/dancomnewsroom1,
http://www.news-gazette.com/,https://twitter.com/news_gazette,https://www.facebook.com/newsgazette,https://www.instagram.com/news_gazette/,https://www.youtube.com/user/thenewsgazette
http://www.mysuburbanlife.com/darien/,https://twitter.com/MySuburbanLife,https://www.facebook.com/mysuburbanlife,,
http://www.decaturtribune.com/,https://www.facebook.com/pages/Decatur-Tribune/1414028878919867,,,
http://herald-review.com/,https://twitter.com/heraldandreview,https://www.facebook.com/HeraldAndReview,https://www.instagram.com/heraldandreview/,http://www.youtube.com/user/heraldandreview
http://www.chicagotribune.com/suburbs/deerfield/,https://twitter.com/DeerfieldReview,https://www.facebook.com/deerfieldreview,https://www.instagram.com/chicagotribune/,https://www.youtube.com/user/ChicagoTribune
http://www.daily-chronicle.com/,https://twitter.com/daily_chronicle,https://www.facebook.com/dekalb.daily.chronicle,https://www.youtube.com/user/DailyChronicle,
http://www.midweeknews.com/,https://www.facebook.com/pages/MidWeek-DeKalb/139478836115173,,,
http://www.vfpnews.com/,,,,
http://www.journal-topics.com/news/des_plaines/,https://www.facebook.com/journaltopics,,,
http://newstrib.com/,https://twitter.com/newstrib,https://www.facebook.com/LaSalleNewsTribune,https://twitter.com/newstrib,http://www.youtube.com/user/newstrib1
http://www.saukvalley.com/,https://twitter.com/saukvalley,https://www.facebook.com/saukvalley,http://www.youtube.com/user/saukvalleynews,
http://www.mysuburbanlife.com/downersgrove/,https://twitter.com/MySuburbanLife,https://www.facebook.com/mysuburbanlife,,
http://www.mysuburbanlife.com/forestview/,https://twitter.com/MySuburbanLife,https://www.facebook.com/mysuburbanlife,,
http://www.duquoin.com/,https://www.facebook.com/pages/Du-Quoin-Evening-Call/190364524350146,,,
http://galenagazette.com/,https://twitter.com/GalenaGazette,https://www.facebook.com/galena.gazette,http://www.youtube.com/user/GalenaGazette,
http://www.galesburg.com/,https://twitter.com/galesburg,https://www.facebook.com/registermail,http://www.youtube.com/user/GalesburgRM,
http://www.lincolncourier.com/,https://twitter.com/Lincoln_Courier,https://www.facebook.com/lincolncourier,,
http://www.lincolndailynews.com/,https://www.facebook.com/pages/Lincoln-Daily-News/166438050085104,,,
http://www.qconline.com/,https://twitter.com/dispatch_argus,https://www.facebook.com/DispatchArgus,http://www.youtube.com/user/qconlinevideo,
http://www.pjstar.com/bradleyhoops,https://twitter.com/bradleyhoops,https://www.facebook.com/bradleyhoops,,
http://www.eastpeoriatimescourier.com/,https://twitter.com/eastpeoriatimes,https://www.facebook.com/pages/East-Peoria-Times-Courier/117814502837,,
http://www.pjstar.com/,https://twitter.com/pjstar,https://www.facebook.com/journalstar,https://www.youtube.com/user/pjstarcom,
http://www.courierpapers.com/woodford_courier/,https://www.facebook.com/courierpapers,,,
http://www.theintelligencer.com/,https://twitter.com/theedwi,https://www.facebook.com/theEdwi,http://www.youtube.com/user/edwpubvideos,
http://www.effinghamdailynews.com/,https://twitter.com/EDNSports,https://www.facebook.com/effinghamdailynews,https://www.youtube.com/channel/UCErrilNU6KkL6DA-jILvcEA,
http://www.kcchronicle.com/elburn/,https://twitter.com/ELBURNHERALD,https://www.facebook.com/TheElburnHerald,,
http://www.chicagotribune.com/suburbs/elgin-courier-news/,https://twitter.com/couriernews,https://www.facebook.com/couriernews,https://www.instagram.com/chicagotribune/,https://www.youtube.com/user/ChicagoTribune
http://www.journal-topics.com/news/elk_grove_village/,https://twitter.com/ElkGroveJournal,https://www.facebook.com/journaltopics,,
http://www.mysuburbanlife.com/elmhurst/,https://twitter.com/MySuburbanLife,https://www.facebook.com/mysuburbanlife,,
http://www.chicagotribune.com/suburbs/elmwood-park/,https://twitter.com/elm_leaves,https://www.facebook.com/ElmwoodParkElmLeaves,https://www.instagram.com/chicagotribune/,https://www.youtube.com/user/ChicagoTribune
http://www.pantagraph.com/wcj/,https://www.facebook.com/pages/Woodford-County-Journal-Woodford-Star/196346952496,,,
http://www.chicagotribune.com/suburbs/evanston/,https://twitter.com/Evanston_Review,https://www.facebook.com/evanstonreview,https://www.instagram.com/chicagotribune/,https://www.youtube.com/user/ChicagoTribune
http://www.evanstonroundtable.com/,https://twitter.com/EvRoundTable,,,
http://www.advocatepress.com/,https://www.facebook.com/ClayCountyAdvocatePress,,,
http://www.forestparkreview.com/,https://twitter.com/FP_Review,https://www.facebook.com/pages/Forest-Park-Review/212855498726702,https://www.youtube.com/channel/UC4FC4FLliQ4lNuWQ_R4PjCA,
http://www.frankfortstation.com/,https://twitter.com/FrankfrtStation,https://www.facebook.com/TheFrankfortStation,,
http://www.chicagotribune.com/suburbs/franklin-park/,https://twitter.com/FranklinPark_HJ,https://www.facebook.com/FranklinParkHJ,https://www.instagram.com/chicagotribune/,https://www.youtube.com/user/ChicagoTribune
http://freeburgtribune.com/,https://www.facebook.com/TheFreeburgTribune/?rf=155343737841456,,,
http://www.journalstandard.com/,https://twitter.com/journalstandard,https://www.facebook.com/journalstandard,https://www.instagram.com/freeport_journal_standard/,http://www.youtube.com/user/journalstandardvideo
http://www.galvanews.com/,https://twitter.com/galvanews,https://www.facebook.com/GalvaNews,,
http://www.geneseorepublic.com/,https://twitter.com/gen_republic,https://www.facebook.com/pages/Geneseo-Republic/107791562603444,,
http://www.the-independent-news.com/,,,,
http://www.pantagraph.com/gcc/,https://twitter.com/pantagraph,https://www.facebook.com/pantagraph/,https://www.instagram.com/thepantagraph/,https://www.youtube.com/user/ThePantagraph
http://www.thegilmanstar.com/,,,,
http://www.mysuburbanlife.com/glenellyn/,https://twitter.com/MySuburbanLife,https://www.facebook.com/mysuburbanlife,,
http://www.chicagotribune.com/suburbs/glencoe/,https://twitter.com/Glencoe_News,https://www.facebook.com/pages/Glencoe-News/174849577871,https://www.instagram.com/chicagotribune/,https://www.youtube.com/user/ChicagoTribune
http://www.mysuburbanlife.com/glendaleheights/,https://twitter.com/MySuburbanLife,https://www.facebook.com/mysuburbanlife,,
http://www.chicagotribune.com/suburbs/glenview/,https://www.facebook.com/glenviewannouncements,https://www.instagram.com/chicagotribune/,https://www.youtube.com/user/ChicagoTribune,
http://www.journal-topics.com/news/glenview/,https://twitter.com/JournalGV,https://www.facebook.com/journaltopics,,
http://www.glenviewlantern.com/,https://twitter.com/GlenviewLantern,https://www.facebook.com/TheGlenviewLantern,,
http://gorevillegazette.com/,https://www.facebook.com/goreville.gazette,,,
http://www.putnamcountyrecord.com/,https://www.facebook.com/pages/Putnam-County-RecordTonica-News/365619903452994,,,
http://www.lakecountysuburbanlife.com/,https://twitter.com/MySuburbanLife,https://www.facebook.com/LakeCtyJournal,,
http://www.mysuburbanlife.com/hanoverpark/,https://twitter.com/MySuburbanLife,https://www.facebook.com/mysuburbanlife,,
http://calhounnewsherald.com/,https://twitter.com/CNHNews,https://www.facebook.com/pages/Calhoun-News-Herald/114311801927755,,
http://www.dailyregister.com/,https://www.facebook.com/pages/Daily-Register/109295582425482,,,
http://www.democratnewspapers.com/,https://www.facebook.com/pages/Mason-County-Democrat/118860884805569,,,
http://www.herscherpilot.com/,https://www.facebook.com/pages/Herscher-Pilot/112173915480018,,,
http://www.bnd.com/news/local/community/highland-news-leader/,https://www.facebook.com/highlandnewsleader,,,
http://www.hplandmark.com/,https://twitter.com/HParkLandmark,https://www.facebook.com/HPLandmark,,
http://www.chicagotribune.com/suburbs/highland-park/,https://twitter.com/HighlandParkPPN,https://www.facebook.com/highlandparkpioneer,https://www.instagram.com/chicagotribune/,https://www.youtube.com/user/ChicagoTribune
http://www.thejournal-news.net/,https://twitter.com/JournalNewsIL,https://www.facebook.com/TheJournalNews,http://www.youtube.com/user/JNsports,
http://www.mysuburbanlife.com/hillside/,https://twitter.com/MySuburbanLife,https://www.facebook.com/mysuburbanlife,,
http://www.chicagotribune.com/suburbs/hinsdale/,https://twitter.com/Doings_Hinsdale,https://www.facebook.com/TheDoings,https://www.instagram.com/chicagotribune/,https://www.youtube.com/user/ChicagoTribune
http://www.mysuburbanlife.com/hinsdale/,https://twitter.com/MySuburbanLife,https://www.facebook.com/mysuburbanlife,,
http://www.thehinsdalean.com/,https://twitter.com/TheHinsdalean,,,
http://www.mysuburbanlife.com/hodgkins/,https://twitter.com/MySuburbanLife,https://www.facebook.com/mysuburbanlife,,
http://www.homerhorizon.com/,https://twitter.com/HomerHorizon,https://www.facebook.com/TheHomerHorizon,,
http://www.newsbug.info/hoopeston_chronicle/,,,,
http://www.mysuburbanlife.com/indianheadpark/,https://twitter.com/MySuburbanLife,https://www.facebook.com/mysuburbanlife,,
http://www.mysuburbanlife.com/itasca/,https://twitter.com/MySuburbanLife,https://www.facebook.com/mysuburbanlife,,
http://myjournalcourier.com/,https://twitter.com/journalcourier,https://www.facebook.com/journalcourier,,
http://jerseycountyjournal.com/,https://twitter.com/jcjnews,https://www.facebook.com/jerseycountyjournal,,
http://www.theherald-news.com/,https://twitter.com/Joliet_HN,https://www.facebook.com/jolietheraldnews,,
http://thetimesweekly.com/,https://www.facebook.com/TheTimesWeekly,,,
http://www.daily-journal.com/,https://twitter.com/tdjnews,https://www.facebook.com/pages/The-Daily-Journal/63917663783,http://www.youtube.com/channel/UCpCwmdAytt5K3QlupLUQVjQ,
http://www.starcourier.com/,https://www.facebook.com/pages/Star-Courier/227647587269121,,,
http://www.chicagotribune.com/suburbs/la-grange/,https://www.facebook.com/TheDoings,https://www.instagram.com/chicagotribune/,https://www.youtube.com/user/ChicagoTribune,
http://www.mysuburbanlife.com/lagrange/,https://twitter.com/MySuburbanLife,https://www.facebook.com/mysuburbanlife,,
http://www.mysuburbanlife.com/lagrangepark/,https://twitter.com/MySuburbanLife,https://www.facebook.com/mysuburbanlife,,
http://quillnewspaper.com/,https://www.facebook.com/theQuillnewspaper,,,
http://www.chicagotribune.com/suburbs/lake-forest/,https://twitter.com/lake_forester,https://www.facebook.com/lakeforester,https://www.instagram.com/chicagotribune/,https://www.youtube.com/user/ChicagoTribune
http://www.chicagotribune.com/suburbs/lake-zurich/,https://twitter.com/lz_courier,https://www.facebook.com/LakeZurichCourier,https://www.instagram.com/chicagotribune/,https://www.youtube.com/user/ChicagoTribune
http://www.lawdailyrecord.com/,,,,
http://www.mysuburbanlife.com/lemont/,https://twitter.com/MySuburbanLife,https://www.facebook.com/mysuburbanlife,,
http://www.democratnewspapers.com/94674/2409/online-editionfulton-democrat,https://www.facebook.com/fultondemocrat.il,,,
http://www.chicagotribune.com/suburbs/libertyville/,https://twitter.com/libertyvillePPN,https://www.facebook.com/LibertyvilleReview,https://www.instagram.com/chicagotribune/,https://www.youtube.com/user/ChicagoTribune
http://www.chicagotribune.com/suburbs/lincolnwood/,https://twitter.com/LincolnwoodNews,https://www.facebook.com/LincolnwoodReview,https://www.instagram.com/chicagotribune/,https://www.youtube.com/user/ChicagoTribune
http://www.mysuburbanlife.com/lisle/,https://twitter.com/MySuburbanLife,https://www.facebook.com/mysuburbanlife,,
http://www.lockportlegend.com/,https://twitter.com/LockportLegend,https://www.facebook.com/TheLockportLegend,,
http://www.mysuburbanlife.com/lombard/,https://twitter.com/MySuburbanLife,https://www.facebook.com/mysuburbanlife,,
http://www.lombardian.info/,,,,
http://www.mysuburbanlife.com/lyons/,https://twitter.com/MySuburbanLife,https://www.facebook.com/mysuburbanlife,,
http://www.mcdonoughvoice.com/,https://twitter.com/McDonoughVoice,https://www.facebook.com/McDonoughVoice,http://www.youtube.com/user/mcdonoughvoice,
http://www.mcitizen.com/,https://www.facebook.com/MahometCitizen,,,
http://www.mahometdaily.com/,https://twitter.com/Mahomet_Daily,https://www.facebook.com/MahometDaily,https://www.instagram.com/mahometdaily/,
http://www.russell-publications.com/manhattan,,,,
http://www.russell-publications.com/manteno,,,,
http://www.dailyrepublicannews.com/,https://twitter.com/DRNewsOnline,https://www.facebook.com/DailyRepublican,https://www.youtube.com/user/DailyRepublican,
http://www.strohmnews.com/online-newspapers.html,https://www.facebook.com/MarshallAdvocate,,,
http://www.heraldpubs.com/,https://www.facebook.com/pages/Mascoutah-Herald/344774315596752,,,
http://jg-tc.com/,https://twitter.com/jgtconline,https://www.facebook.com/MattoonJGTC,http://www.youtube.com/user/jgtcvideo,
http://www.mysuburbanlife.com/mccook/,https://twitter.com/MySuburbanLife,https://www.facebook.com/mysuburbanlife,,
http://www.mcleansborotimesleader.com/,,,,
http://www.mendotareporter.com/,https://www.facebook.com/TheMendotaReporter,,,
http://www.metropolisplanet.com/,https://twitter.com/MetroplisPlanet,https://www.facebook.com/MetropolisPlanet,https://www.youtube.com/channel/UC9EmKPhaMDN3fJnB-JeYM4w,
http://www.mokenamessenger.com/,https://twitter.com/MokenaMessenger,https://www.facebook.com/TheMokenaMessenger,,
http://momenceprogressreporter.com/,,,,
http://www.russell-publications.com/cretemonee,,,,
http://www.reviewatlas.com/,https://twitter.com/ReviewAtlas,https://www.facebook.com/pages/Review-Atlas/152934488053788,,
http://www.journal-republican.com/,https://www.facebook.com/pages/Piatt-County-Journal-Republican/371961022183,,,
http://www.morrisherald-news.com/,https://twitter.com/MorrisHerald,https://www.facebook.com/MorrisHeraldNews/,,
http://www.courierpapers.com/morton_courier/,https://www.facebook.com/courierpapers,,,
http://www.mortontimesnews.com/,https://twitter.com/MortonTimesNews,https://www.facebook.com/pages/Morton-Times-News/185918804953,,
http://www.chicagotribune.com/suburbs/morton-grove/,https://twitter.com/mg_champion,https://www.facebook.com/MortonGroveChampion,https://www.instagram.com/chicagotribune/,https://www.youtube.com/user/ChicagoTribune
http://www.mtcarmelregister.com/,https://www.facebook.com/mtcarmelregister,,,
http://www.mycarrollcountynews.com/,,,,
http://www.journal-topics.com/news/mt_prospect/,https://www.facebook.com/journaltopics,,,
http://browncountydm.com/,,,,
http://www.prairieadvocate.com/,https://www.facebook.com/pages/Prairie-Advocate-News/109218132523110,https://www.youtube.com/user/PrairieAdvocate,,
http://www.saukvalley.com/,https://twitter.com/saukvalley,https://www.facebook.com/saukvalley,http://www.youtube.com/channel/UCI5yuougwHCzRA1m1WmEZbg,
http://www.register-news.com/,https://twitter.com/mvrn,https://www.facebook.com/pages/Mt-Vernon-Register-News/252362124490,https://www.youtube.com/user/registernews,
http://www.zion-bentonnews.com/,,,,
http://www.chicagotribune.com/suburbs/mundelein/,https://twitter.com/mundeleinreview,https://www.facebook.com/MundeleinReview,https://www.instagram.com/chicagotribune/,https://www.youtube.com/user/ChicagoTribune
http://www.mysuburbanlife.com/naperville/,https://twitter.com/MySuburbanLife,https://www.facebook.com/mysuburbanlife,,
http://www.chicagotribune.com/suburbs/naperville-sun/,https://twitter.com/NapervilleSun,https://www.facebook.com/napervillesun,https://www.instagram.com/chicagotribune/,https://www.youtube.com/user/ChicagoTribune
http://www.newlenoxpatriot.com/,https://twitter.com/TheNLPatriot,https://www.facebook.com/TheNewLenoxPatriot,,
http://tni-news.com/,https://www.facebook.com/newmanindependent,,,
http://www.pressmentor.com/,https://twitter.com/NewsJasper,https://www.facebook.com/pages/Newton-Press-Mentor/137744379600430,,
http://www.chicagotribune.com/suburbs/niles/,https://twitter.com/NilesHSnews,https://www.facebook.com/NilesHeraldSpectator,https://www.instagram.com/chicagotribune/,https://www.youtube.com/user/ChicagoTribune
http://buglenewspapers.com/category/niles,https://twitter.com/Buglenewspapers,https://www.facebook.com/thebuglenewspapers,https://www.instagram.com/buglenewspapers/,
http://www.journal-topics.com/news/niles/,https://twitter.com/NilesJournal,https://www.facebook.com/journaltopics,,
http://www.normalite.com/,https://www.facebook.com/normalite.newspapers,,,
http://www.chicagotribune.com/suburbs/norridge/,https://twitter.com/norridgeHH_news,https://www.facebook.com/NorridgeHarwoodHeightsNews,https://www.instagram.com/chicagotribune/,https://www.youtube.com/user/ChicagoTribune
http://www.pekintimes.com/,https://twitter.com/PekinDailyTimes,https://www.facebook.com/pages/Pekin-Daily-Times/118954161481235,,
http://www.rblandmark.com/,https://twitter.com/RBLandmark,https://www.facebook.com/pages/Riverside-Brookfield-Landmark/132046000209678,https://www.instagram.com/wednesdayjournal/,https://www.youtube.com/user/wednesdayjournal
http://www.mysuburbanlife.com/northriverside/,https://twitter.com/MySuburbanLife,https://www.facebook.com/mysuburbanlife,,
http://www.mysuburbanlife.com/riverside/,https://twitter.com/MySuburbanLife,https://www.facebook.com/mysuburbanlife,,
http://www.chicagotribune.com/suburbs/northbrook/,https://twitter.com/Northbrook_Star,https://www.facebook.com/NorthbrookStar,https://www.instagram.com/chicagotribune/,https://www.youtube.com/user/ChicagoTribune
http://www.northbrooktower.com/,https://twitter.com/NorthbrookTower,https://www.facebook.com/TheNorthbrookTower,,
http://www.mysuburbanlife.com/oakbrook/,https://twitter.com/MySuburbanLife,https://www.facebook.com/mysuburbanlife,,
http://www.chicagotribune.com/suburbs/oak-park/,https://twitter.com/OakLeavesNews,https://www.facebook.com/opoakleaves,https://www.instagram.com/chicagotribune/,https://www.youtube.com/user/ChicagoTribune
http://www.oakpark.com/,https://twitter.com/oakpark,https://www.facebook.com/pages/Wednesday-Journal/63948650866,https://www.instagram.com/wednesdayjournal/,http://www.youtube.com/user/wednesdayjournal
http://www.mysuburbanlife.com/oakbrookterrace/,https://twitter.com/MySuburbanLife,https://www.facebook.com/mysuburbanlife,,
http://okawvilletimes.com/,,,,
http://www.olneydailymail.com/,https://twitter.com/NewsOlney,https://www.facebook.com/OlneyDailyMail,http://www.youtube.com/user/olneydailymail,
http://www.oglecountylife.com/,https://www.facebook.com/oglecountylife,,,
http://www.oglecountynews.com/,,,,
http://www.oriongazette.com/,https://twitter.com/OrionGazette,https://www.facebook.com/pages/Orion-Gazette/49771176587,,
http://www.opprairie.com/,https://twitter.com/opprairie,https://www.facebook.com/TheOrlandParkPrairie,,
http://www.fvshopper.com/,,,,
http://www.mywebtimes.com/,https://twitter.com/mywebtimes,https://www.facebook.com/mywebtimes,http://www.youtube.com/user/mywebtimes,
http://www.theregionalnews.com/,https://twitter.com/theregionalnews,https://www.facebook.com/TheRegionalNews,https://www.youtube.com/user/TheRegionalNews,
http://pananewsonline.net/,https://www.facebook.com/Pana.News.Palladium,,,
http://www.parisbeacon.com/,https://www.facebook.com/pages/Paris-Beacon-News/375700176051,http://www.youtube.com/user/parisbeacon,,
http://www.chicagotribune.com/suburbs/park-ridge/,https://twitter.com/ParkRidge_HA,https://www.facebook.com/prheraldadvocate,https://www.instagram.com/chicagotribune/,https://www.youtube.com/user/ChicagoTribune
http://www.journal-topics.com/news/park_ridge/,https://www.facebook.com/journaltopics,,,
http://www.paxtonrecord.net/,https://www.facebook.com/pages/Paxton-Record/128840960595021,,,
http://www.tonicanews.com/,,,,
http://www.russell-publications.com/peotone,https://www.facebook.com/pages/The-Peotone-Vedette/840300989342302,,,
http://pikepress.com/,https://twitter.com/PikePressNews,https://www.facebook.com/pages/Pike-Press/121526011198109,,
http://buglenewspapers.com/enterprise,https://twitter.com/PlainfieldNews,https://www.facebook.com/EnterpriseNewspaper,https://www.instagram.com/buglenewspapers/,
http://www.pontiacdailyleader.com/,https://twitter.com/TheDailyLeader,https://www.facebook.com/TheDailyLeader,,
http://www.bcrnews.com/,https://www.facebook.com/bcrnews,,,
http://www.journal-topics.com/news/prospect_hts/,https://www.facebook.com/journaltopics,,,
http://www.whig.com/,https://twitter.com/WhigNews,https://www.facebook.com/WhigNews/,,
http://www.rantoulpress.com/,https://www.facebook.com/RantoulPress,,,
http://www.chicagotribune.com/suburbs/river-forest/,https://twitter.com/RF_forestleaves,https://www.facebook.com/RiverForestForestLeaves,https://www.instagram.com/chicagotribune/,https://www.youtube.com/user/ChicagoTribune
http://www.robdailynews.com/,https://twitter.com/robdailynews,https://www.facebook.com/pages/Robinson-Daily-News/141916909169664,http://www.youtube.com/user/robdailynews,
http://www.rochellenews-leader.com/,https://www.facebook.com/pages/Rochelle-News-Leader/332633710159589,https://www.youtube.com/channel/UC95NVHjEm3K02CHVrievTWA,,
http://www.qconline.com/,https://twitter.com/dispatch_argus,https://www.facebook.com/DispatchArgus,http://www.youtube.com/user/qconlinevideo,
http://rockrivertimes.com/,https://twitter.com/RockRiverTimes,https://www.facebook.com/rockrivertimes,https://www.youtube.com/channel/UCgZ7UJmNWlX1bbMRRW5lZvg,
http://www.rrstar.com/,https://twitter.com/rrstar,https://www.facebook.com/rockfordregisterstar,https://www.instagram.com/rockfordregisterstar/,http://www.youtube.com/user/RegisterStar/videos
http://www.mysuburbanlife.com/romeoville/,https://twitter.com/MySuburbanLife,https://www.facebook.com/mysuburbanlife,,
http://www.mysuburbanlife.com/roselle/,https://twitter.com/MySuburbanLife,https://www.facebook.com/mysuburbanlife,,
http://www.mycarrollcountynews.com/,,,,
http://www.shelbyvilledailyunion.com/,https://www.facebook.com/DailyUnion,,,
http://thesidellreporter.com/,https://www.facebook.com/thesidellreporter,,,
http://www.chicagotribune.com/suburbs/skokie/,https://twitter.com/skokie_review,https://www.facebook.com/SkokieReview,https://www.instagram.com/chicagotribune/,https://www.youtube.com/user/ChicagoTribune
http://freepressnewspapers.com/main.asp?SectionID=18,https://www.facebook.com/pages/Free-Press-Advocate/139830858599,,,
http://illinoistimes.com/,https://twitter.com/ILTimes,https://www.facebook.com/illinoistimes,https://www.instagram.com/illinoistimes/,https://www.youtube.com/user/IllinoisTimes
http://www.sj-r.com/,https://twitter.com/sjrbreaking,https://www.facebook.com/statejournalregister,https://www.instagram.com/statejournalregister/,http://www.youtube.com/user/statejournalregister
http://www.kcchronicle.com/,https://twitter.com/kcchronicle,https://www.facebook.com/kanecountychronicle,https://www.instagram.com/kcchronicle/,http://www.youtube.com/user/kanecountychronicle
http://www.bnd.com/news/local/community/ofallon-progress/,https://www.facebook.com/ofprogress,,,
http://www.stauntonstartimes.com/,,,,
http://www.mysuburbanlife.com/stickney/,https://twitter.com/MySuburbanLife,https://www.facebook.com/mysuburbanlife,,
http://www.mysuburbanlife.com/streamwood/,https://twitter.com/MySuburbanLife,https://www.facebook.com/mysuburbanlife,,
http://newsprogress.com/,https://twitter.com/NewsProgress,https://www.facebook.com/NewsProgress,https://www.instagram.com/newsprogress/,http://www.youtube.com/user/SportsAtNewsprogress/videos
http://desplainesvalleynews.com/,https://www.facebook.com/pages/Desplaines-Valley-News/169241809757325,,,
http://www.sumnerpress.com/,https://www.facebook.com/The-Sumner-Press-163562994038762/,,,
http://breezecourier.com/,https://twitter.com/BreezeCourier,https://www.facebook.com/BreezeNews,http://www.youtube.com/user/BreezeNews,
http://www.teutopolispress.com/,,,,
http://www.chicagotribune.com/suburbs/daily-southtown/,https://twitter.com/dailysouthtown,https://www.facebook.com/dailysouthtown,https://www.instagram.com/chicagotribune/,https://www.youtube.com/user/ChicagoTribune
http://www.tinleyjunction.com/,https://twitter.com/TinleyJunction,https://www.facebook.com/TheTinleyJunction,,
http://www.countyenews.com/,https://twitter.com/countyenews,https://www.facebook.com/starkcountynews,,
http://www.trentonsun.net/,https://www.facebook.com/pages/Trenton-Sun/152159264796092,,,
http://www.leaderunion.com/,https://www.facebook.com/theleaderunion,,,
http://www.chicagotribune.com/suburbs/vernon-hills/,https://twitter.com/vernonhillsPPN,https://www.facebook.com/VernonHillsReview,https://www.instagram.com/chicagotribune/,https://www.youtube.com/user/ChicagoTribune
http://theviennatimes.com/,https://www.facebook.com/vienna.times,,,
http://www.mysuburbanlife.com/villapark/,https://twitter.com/MySuburbanLife,https://www.facebook.com/mysuburbanlife,,
http://www.mysuburbanlife.com/warrenville/,https://twitter.com/MySuburbanLife,https://www.facebook.com/mysuburbanlife,,
http://www.courierpapers.com/washington_courier/,https://www.facebook.com/courierpapers,,,
http://www.washingtontimesreporter.com/,https://twitter.com/WaTimesReporter,https://www.facebook.com/pages/Washington-Times-Reporter/285348615368,,
http://www.republictimes.net/,https://twitter.com/republictimes,https://www.facebook.com/pages/Republic-Times/140415195996487,https://www.instagram.com/republictimes/,http://www.youtube.com/user/RepublicTimes/videos
http://www.newsbug.info/iroquois_countys_times-republic/,https://twitter.com/timesrepublic,https://www.facebook.com/TimesRepublic,https://www.youtube.com/channel/UCaMFn9-s35e_Ul0Tsbsxm0A,
http://www.chicagotribune.com/suburbs/lake-county-news-sun/,https://twitter.com/newssun,https://www.facebook.com/LakeCountyNewsSun,https://www.instagram.com/chicagotribune/,https://www.youtube.com/user/ChicagoTribune
http://www.mysuburbanlife.com/westchicago/,https://twitter.com/MySuburbanLife,https://www.facebook.com/mysuburbanlife,,
http://www.mysuburbanlife.com/westchester/,https://twitter.com/MySuburbanLife,https://www.facebook.com/mysuburbanlife,,
http://www.mysuburbanlife.com/westernsprings/,https://twitter.com/MySuburbanLife,https://www.facebook.com/mysuburbanlife,,
http://www.mysuburbanlife.com/westmont/,https://twitter.com/MySuburbanLife,https://www.facebook.com/mysuburbanlife,,
http://www.mysuburbanlife.com/wheaton/,https://twitter.com/MySuburbanLife,https://www.facebook.com/mysuburbanlife,,
http://www.mysuburbanlife.com/willowsprings/,https://twitter.com/MySuburbanLife,https://www.facebook.com/mysuburbanlife,,
http://www.mysuburbanlife.com/willowbrook/,https://twitter.com/MySuburbanLife,https://www.facebook.com/mysuburbanlife,,
http://www.wilmettebeacon.com/,https://twitter.com/WilmetteBeacon,https://www.facebook.com/TheWilmetteBeacon,,
http://www.chicagotribune.com/suburbs/wilmette/,https://twitter.com/Wilmette_Life,https://www.facebook.com/WilmetteLife,https://www.instagram.com/chicagotribune/,https://www.youtube.com/user/ChicagoTribune
http://www.mysuburbanlife.com/winfield/,https://twitter.com/MySuburbanLife,https://www.facebook.com/mysuburbanlife,,
http://www.winnetkacurrent.com/,https://twitter.com/WinnetkaCurrent,https://www.facebook.com/TheWinnetkaCurrent,,
http://www.chicagotribune.com/suburbs/winnetka/,https://twitter.com/Winnetka_Talk,https://www.facebook.com/TheWinnetkaTalk,https://www.instagram.com/chicagotribune/,https://www.youtube.com/user/ChicagoTribune
http://www.mysuburbanlife.com/wooddale/,https://twitter.com/MySuburbanLife,https://www.facebook.com/mysuburbanlife,,
http://www.mysuburbanlife.com/woodridge/,https://twitter.com/MySuburbanLife,https://www.facebook.com/mysuburbanlife,,
http://www.thewoodstockindependent.com/,https://twitter.com/WoodstockInde,https://www.facebook.com/thewoodstockindependent,http://www.youtube.com/channel/UCMGFGiop5EqELKaotUgSZzg,
http://www.kendallcountynow.com/,https://twitter.com/KCRNewspapers,https://www.facebook.com/RecordNewspapers,,
