http://www.newhampshirelakesandmountains.com/118968.113119body.lasso?publication=BAY,https://www.facebook.com/pages/The-Baysider/320180525542,,,
http://www.fosters.com/,https://twitter.com/FostersDailyDem,https://www.facebook.com/FostersDailyDemocrat,https://www.instagram.com/fosters_daily_democrat/,https://www.youtube.com/user/fosters08/videos
http://www.cabinet.com/cp/bedfordjournal/,https://www.facebook.com/CabinetPress,,,
http://www.berlindailysun.com/,https://twitter.com/berlindailysun,https://www.facebook.com/TheBerlinDailySun,,
http://www.newhampshirelakesandmountains.com/,https://www.facebook.com/TheBerlinReporter,,,
http://thebowtimes.com/news/,https://www.facebook.com/The-Bow-Times-771466222957720/,,,
http://tritowntimes.net/,https://twitter.com/LondonderryTime,https://www.facebook.com/TriTownTimes,,
http://www.eagletimes.com/,https://www.facebook.com/TheEagleTimes,https://www.youtube.com/channel/UCiS5nXLH6BguN9RFMsiv8HQ,,
http://colebrookchronicle.weebly.com/,https://www.facebook.com/TheColebrookChronicle,https://www.youtube.com/user/colebrookchronicle/videos,,
http://www.colbsent.com/,https://www.facebook.com/pages/The-News-and-Sentinel/212965615476191,,,
http://www.concordmonitor.com/,https://twitter.com/ConMonitorNews,https://www.facebook.com/ConcordMonitor,https://www.instagram.com/concordmonitor/,https://www.youtube.com/user/ConcordMonitor/videos
http://www.derrynews.com/,https://www.facebook.com/DerryNewsNH,,,
http://nutfieldnews.net/,https://twitter.com/nutfieldnews,https://www.facebook.com/NutfieldNews,,
http://www.carriagetownenews.com/,https://www.facebook.com/carriagetownenews,,,
http://www.cabinet.com/cp/merrimackjournal/,https://www.facebook.com/CabinetPress,,,
http://www.seacoastonline.com/ExeterNewsLetter,https://twitter.com/ENLNews,https://www.facebook.com/exeternewsletter,https://www.instagram.com/seacoastonline/,
http://www.newhampshire.com/section/newhampshire1409,https://www.facebook.com/pages/The-Goffstown-News/69923961206,https://www.youtube.com/user/newhampshiredotcom,,
http://tritowntimes.net/,https://twitter.com/LondonderryTime,https://www.facebook.com/TriTownTimes,,
http://www.seacoastonline.com/HamptonUnion,https://twitter.com/HamptonUnion,https://www.facebook.com/pages/Hampton-Union/219668198072878,https://www.instagram.com/seacoastonline/,
http://www.cabinet.com/cp/hollisbrooklinejournal/,https://www.facebook.com/CabinetPress,,,
http://www.newhampshire.com/section/newhampshire1410,https://twitter.com/hooksettbanner,https://www.facebook.com/pages/The-Hooksett-Banner/66271769511,https://www.youtube.com/user/newhampshiredotcom,
http://www.areanewsgroup.com/,https://twitter.com/HL_News,https://www.facebook.com/HudsonLitchfieldNews,https://www.youtube.com/user/AreaNewsGroup,
http://www.sentinelsource.com/,https://www.facebook.com/thekeenesentinel,https://www.instagram.com/keene_sentinel/,,
http://www.theweirstimes.com/,https://twitter.com/weirstimes,https://www.facebook.com/weirstimes,,
http://www.newhampshirelakesandmountains.com/118968.113119body.lasso?publication=LAN,https://twitter.com/CoosCountyNews,https://www.facebook.com/CoosCountyDemocrat,,
http://www.newhampshirelakesandmountains.com/118968.113119body.lasso?publication=LIT,https://www.facebook.com/nhfrontpage,,,
http://londonderrytimes.net/,https://twitter.com/LondonderryTime,https://www.facebook.com/LondonderryTimes,,
http://www.nhbr.com/,https://twitter.com/nhbr,https://www.facebook.com/nhbusinessreview,https://www.instagram.com/nhbizreview/,
http://www.unionleader.com/,https://twitter.com/unionleader,https://www.facebook.com/UnionLeader,,
http://www.newhampshirelakesandmountains.com/118968.113119body.lasso?publication=MER,,,,
http://www.cabinet.com/,https://www.facebook.com/CabinetPress,,,
http://www.nashuatelegraph.com/,https://twitter.com/nashuatelegraph,https://www.facebook.com/TheTelegraph,http://www.youtube.com/user/NashuaTelegraphVideo,
http://www.conwaydailysun.com/,https://twitter.com/conwaydailysun,https://www.facebook.com/TheConwayDailySun,http://www.youtube.com/user/ConwayDailySun,
http://www.thebridgeweekly.com/,,,,
http://www.areanewsgroup.com/,https://twitter.com/Pelham_WindhamN,https://www.facebook.com/PelhamWindhamNews,http://www.youtube.com/user/AreaNewsGroup,
http://www.ledgertranscript.com/,https://twitter.com/LedgerTrans,https://www.facebook.com/MonadnockLedgerTranscript,https://www.instagram.com/ledgertranscript/,http://www.youtube.com/user/ledgertranscript
http://www.newhampshirelakesandmountains.com/118968.113119body.lasso?publication=PLY,,,,
http://www.nhgazette.com/,,,,
http://www.seacoastonline.com/portsmouthherald,https://twitter.com/seacoastonline,https://www.facebook.com/seacoastonline,https://www.instagram.com/seacoastonline/,https://www.youtube.com/user/seacoastonline/videos
http://www.fosters.com/rochester-times,https://www.facebook.com/rochestertimes/,,,
http://www.areanewsgroup.com/,https://www.youtube.com/user/AreaNewsGroup,,,
http://www.newhampshire.com/section/newhampshire1411,https://www.youtube.com/user/newhampshiredotcom,,,
http://www.intertownrecord.com/,https://www.facebook.com/InterTownRecordNewspaper,,,
http://www.newhampshirelakesandmountains.com/118968.113119body.lasso?publication=GSN,,,,
http://www.newhampshirelakesandmountains.com/,https://www.facebook.com/theGraniteStateNews,,,
